intermediate_point_id,stop_id1,stop_id2,x,y
1,J22209006,J22209867,-0.05621337890625,0.053985595703125
